{
    "schema": {
        "fields": [
            {
                "name": "values",
                "type": "integer"
            },
            {
                "name": "2022 VARIABLE NAME",
                "type": "string"
            },
            {
                "name": "2022 DESCRIPTION",
                "type": "string"
            },
            {
                "name": "MODULE",
                "type": "string"
            },
            {
                "name": "DOMAIN",
                "type": "string"
            },
            {
                "name": "DATA SOURCE",
                "type": "string"
            },
            {
                "name": "2022 TABLE FIELD CALCULATION",
                "type": "string"
            },
            {
                "name": "NOTES",
                "type": "string"
            }
        ],
        "primaryKey": [
            null
        ],
        "pandas_version": "1.4.0"
    },
    "data": [
        {
            "index": 0,
            "2022 VARIABLE NAME": "STATEFP",
            "2022 DESCRIPTION": "State fips code",
            "MODULE": "No value",
            "DOMAIN": "No value",
            "DATA SOURCE": "No value",
            "2022 TABLE FIELD CALCULATION": "No value",
            "NOTES": "No value"
        },
        {
            "index": 1,
            "2022 VARIABLE NAME": "COUNTYFP",
            "2022 DESCRIPTION": "County fips number",
            "MODULE": "No value",
            "DOMAIN": "No value",
            "DATA SOURCE": "No value",
            "2022 TABLE FIELD CALCULATION": "No value",
            "NOTES": "No value"
        },
        {
            "index": 2,
            "2022 VARIABLE NAME": "TRACTCE",
            "2022 DESCRIPTION": "Census tract code",
            "MODULE": "No value",
            "DOMAIN": "No value",
            "DATA SOURCE": "U.S. Census Bureau 2019 TIGER\/ Line Files\r\nhttps:\/\/www.census.gov\/geographies\/mapping-files\/time-series\/geo\/tiger-line-file.html",
            "2022 TABLE FIELD CALCULATION": "No value",
            "NOTES": "No value"
        },
        {
            "index": 3,
            "2022 VARIABLE NAME": "AFFGEOID",
            "2022 DESCRIPTION": "Census tract identifier; a concatenation of current state Federal Information Processing Series (FIPS) code, county FIPS code, and census tract code",
            "MODULE": "No value",
            "DOMAIN": "No value",
            "DATA SOURCE": "No value",
            "2022 TABLE FIELD CALCULATION": "No value",
            "NOTES": "No value"
        },
        {
            "index": 4,
            "2022 VARIABLE NAME": "GEOID",
            "2022 DESCRIPTION": "County identifier; a concatenation of current state Federal Information Processing Series (FIPS) code and county FIPS code",
            "MODULE": "No value",
            "DOMAIN": "No value",
            "DATA SOURCE": "No value",
            "2022 TABLE FIELD CALCULATION": "No value",
            "NOTES": "No value"
        },
        {
            "index": 5,
            "2022 VARIABLE NAME": "COUNTY",
            "2022 DESCRIPTION": "County names",
            "MODULE": "No value",
            "DOMAIN": "No value",
            "DATA SOURCE": "No value",
            "2022 TABLE FIELD CALCULATION": "No value",
            "NOTES": "No value"
        },
        {
            "index": 6,
            "2022 VARIABLE NAME": "StateAbbr",
            "2022 DESCRIPTION": "State abbreviations",
            "MODULE": "No value",
            "DOMAIN": "No value",
            "DATA SOURCE": "No value",
            "2022 TABLE FIELD CALCULATION": "No value",
            "NOTES": "No value"
        },
        {
            "index": 7,
            "2022 VARIABLE NAME": "StateDesc",
            "2022 DESCRIPTION": "Full state name",
            "MODULE": "No value",
            "DOMAIN": "No value",
            "DATA SOURCE": "No value",
            "2022 TABLE FIELD CALCULATION": "No value",
            "NOTES": "No value"
        },
        {
            "index": 8,
            "2022 VARIABLE NAME": "Location",
            "2022 DESCRIPTION": "Text description of tract, county, state",
            "MODULE": "No value",
            "DOMAIN": "No value",
            "DATA SOURCE": "No value",
            "2022 TABLE FIELD CALCULATION": "No value",
            "NOTES": "No value"
        },
        {
            "index": 9,
            "2022 VARIABLE NAME": "E_TOTPOP",
            "2022 DESCRIPTION": "Population estimate, 2014-2018 ACS",
            "MODULE": "No value",
            "DOMAIN": "No value",
            "DATA SOURCE": "No value",
            "2022 TABLE FIELD CALCULATION": "No value",
            "NOTES": "No value"
        },
        {
            "index": 10,
            "2022 VARIABLE NAME": "M_TOTPOP",
            "2022 DESCRIPTION": "Population estimate MOE, 2014-2018 ACS",
            "MODULE": "No value",
            "DOMAIN": "No value",
            "DATA SOURCE": "No value",
            "2022 TABLE FIELD CALCULATION": "No value",
            "NOTES": "No value"
        },
        {
            "index": 11,
            "2022 VARIABLE NAME": "E_DAYPOP",
            "2022 DESCRIPTION": "Adjunct variable - Estimated daytime population, LandScan 2018",
            "MODULE": "No value",
            "DOMAIN": "No value",
            "DATA SOURCE": "No value",
            "2022 TABLE FIELD CALCULATION": "No value",
            "NOTES": "No value"
        },
        {
            "index": 12,
            "2022 VARIABLE NAME": "SPL_EJI",
            "2022 DESCRIPTION": "Summation of the HVM, EBI, and SVI module percentile ranks",
            "MODULE": "No value",
            "DOMAIN": "No value",
            "DATA SOURCE": "No value",
            "2022 TABLE FIELD CALCULATION": "RPL_EBM + RPL_HVM + RPL_SVM",
            "NOTES": "Tract with null values were not included in the sum."
        },
        {
            "index": 13,
            "2022 VARIABLE NAME": "RPL_EJI",
            "2022 DESCRIPTION": "Percentile ranks of SPL_EJI",
            "MODULE": "No value",
            "DOMAIN": "No value",
            "DATA SOURCE": "No value",
            "2022 TABLE FIELD CALCULATION": "In Excel: PERCENTRANK.INC on SPL_EJI array with 4 significant digits",
            "NOTES": "Null values removed before calculating output rank."
        },
        {
            "index": 14,
            "2022 VARIABLE NAME": "SPL_SER",
            "2022 DESCRIPTION": "Summation of the EB, and SV module percentile ranks",
            "MODULE": "No value",
            "DOMAIN": "No value",
            "DATA SOURCE": "No value",
            "2022 TABLE FIELD CALCULATION": "RPL_EBM + RPL_SVM",
            "NOTES": "Tract with null values were not included in the sum."
        },
        {
            "index": 15,
            "2022 VARIABLE NAME": "RPL_SER",
            "2022 DESCRIPTION": "Percentile ranks of SPL_SER",
            "MODULE": "No value",
            "DOMAIN": "No value",
            "DATA SOURCE": "No value",
            "2022 TABLE FIELD CALCULATION": "In Excel: PERCENTRANK.INC on SPL_SER array with 4 significant digits",
            "NOTES": "Null values removed before calculating output rank."
        },
        {
            "index": 16,
            "2022 VARIABLE NAME": "EP_MINRTY",
            "2022 DESCRIPTION": "Percentage of minority persons",
            "MODULE": "SVM",
            "DOMAIN": "SVM DOM1",
            "DATA SOURCE": "2015-2019 Census Bureau American Community Survey (ACS) 5-year Data - \r\nTable B01001H - \r\nhttps:\/\/www.census.gov\/data\/developers\/data-sets\/acs-5year.html",
            "2022 TABLE FIELD CALCULATION": "No value",
            "NOTES": "No value"
        },
        {
            "index": 17,
            "2022 VARIABLE NAME": "EPL_MINRTY",
            "2022 DESCRIPTION": "Percentile rank of percentage of minority persons",
            "MODULE": "SVM",
            "DOMAIN": "SVI DOM1",
            "DATA SOURCE": "No value",
            "2022 TABLE FIELD CALCULATION": "In Excel: PERCENTRANK.INC on E_MINRTY array with 4 significant digits",
            "NOTES": "Null values removed before calculating output rank."
        },
        {
            "index": 18,
            "2022 VARIABLE NAME": "SPL_SVM_DOM1",
            "2022 DESCRIPTION": "Domain consisting of percentage of individuals who are a racial\/ethnic minority",
            "MODULE": "SVM",
            "DOMAIN": "SVI DOM1",
            "DATA SOURCE": "No value",
            "2022 TABLE FIELD CALCULATION": "EPL_MINRTY",
            "NOTES": "Tract with null values were not included in the sum."
        },
        {
            "index": 19,
            "2022 VARIABLE NAME": "RPL_SVM_DOM1",
            "2022 DESCRIPTION": "Percentile rank of domain consisting of percentage of individuals who are a racial\/ethnic minority",
            "MODULE": "SVM",
            "DOMAIN": "SVI DOM1",
            "DATA SOURCE": "No value",
            "2022 TABLE FIELD CALCULATION": "In Excel: PERCENTRANK.INC on SPL_SVM_DOM1 array with 4 significant digits",
            "NOTES": "Null values removed before calculating output rank."
        },
        {
            "index": 20,
            "2022 VARIABLE NAME": "EP_POV200",
            "2022 DESCRIPTION": "Percentage below 200% poverty",
            "MODULE": "SVM",
            "DOMAIN": "SVM DOM2",
            "DATA SOURCE": "2015-2019 Census Bureau American Community Survey (ACS) 5-year Data - \r\nTable S1701 - \r\nhttps:\/\/www.census.gov\/data\/developers\/data-sets\/acs-5year.html",
            "2022 TABLE FIELD CALCULATION": "No value",
            "NOTES": "No value"
        },
        {
            "index": 21,
            "2022 VARIABLE NAME": "EPL_POV200",
            "2022 DESCRIPTION": "Percentile rank of percentage below 200% poverty",
            "MODULE": "SVM",
            "DOMAIN": "SVI DOM2",
            "DATA SOURCE": "No value",
            "2022 TABLE FIELD CALCULATION": "In Excel: PERCENTRANK.INC on E_POV200 array with 4 significant digits",
            "NOTES": "Null values removed before calculating output rank."
        },
        {
            "index": 22,
            "2022 VARIABLE NAME": "EP_NOHSDP",
            "2022 DESCRIPTION": "Percentile Percentage of persons with no high school diploma (age 25+) estimate",
            "MODULE": "SVM",
            "DOMAIN": "SVM DOM2",
            "DATA SOURCE": "2015-2019 Census Bureau American Community Survey (ACS) 5-year Data - \r\nTable S0601 - \r\nhttps:\/\/www.census.gov\/data\/developers\/data-sets\/acs-5year.html",
            "2022 TABLE FIELD CALCULATION": "No value",
            "NOTES": "No value"
        },
        {
            "index": 23,
            "2022 VARIABLE NAME": "EPL_NOHSDP",
            "2022 DESCRIPTION": "Percentile rank of percentile Percentage of persons with no high school diploma (age 25+) estimate",
            "MODULE": "SVM",
            "DOMAIN": "SVI DOM2",
            "DATA SOURCE": "No value",
            "2022 TABLE FIELD CALCULATION": "In Excel: PERCENTRANK.INC on E_NOHSDP array with 4 significant digits",
            "NOTES": "Null values removed before calculating output rank."
        },
        {
            "index": 24,
            "2022 VARIABLE NAME": "EP_UNEMP",
            "2022 DESCRIPTION": "Percentage of persons who are unemployed",
            "MODULE": "SVM",
            "DOMAIN": "SVM DOM2",
            "DATA SOURCE": "2015-2019 Census Bureau American Community Survey (ACS) 5-year Data - \r\nTable DP03 - \r\nhttps:\/\/www.census.gov\/data\/developers\/data-sets\/acs-5year.html",
            "2022 TABLE FIELD CALCULATION": "No value",
            "NOTES": "No value"
        },
        {
            "index": 25,
            "2022 VARIABLE NAME": "EPL_UNEMP",
            "2022 DESCRIPTION": "Percentile rank of percentage of persons who are unemployed",
            "MODULE": "SVM",
            "DOMAIN": "SVI DOM2",
            "DATA SOURCE": "No value",
            "2022 TABLE FIELD CALCULATION": "In Excel: PERCENTRANK.INC on E_UNEMP array with 4 significant digits",
            "NOTES": "Null values removed before calculating output rank."
        },
        {
            "index": 26,
            "2022 VARIABLE NAME": "EP_RENTER",
            "2022 DESCRIPTION": "Percentage of persons who rent",
            "MODULE": "SVM",
            "DOMAIN": "SVM DOM2",
            "DATA SOURCE": "2015-2019 Census Bureau American Community Survey (ACS) 5-year Data - \r\nTable S2502 - \r\nhttps:\/\/www.census.gov\/data\/developers\/data-sets\/acs-5year.html",
            "2022 TABLE FIELD CALCULATION": "No value",
            "NOTES": "No value"
        },
        {
            "index": 27,
            "2022 VARIABLE NAME": "EPL_RENTER",
            "2022 DESCRIPTION": "Percentile rank of percentage of persons who rent",
            "MODULE": "SVM",
            "DOMAIN": "SVI DOM2",
            "DATA SOURCE": "No value",
            "2022 TABLE FIELD CALCULATION": "In Excel: PERCENTRANK.INC on E_RENTER array with 4 significant digits",
            "NOTES": "Null values removed before calculating output rank."
        },
        {
            "index": 28,
            "2022 VARIABLE NAME": "EP_HOUBDN",
            "2022 DESCRIPTION": "Percentage of households that make less than 75,000",
            "MODULE": "SVM",
            "DOMAIN": "SVM DOM2",
            "DATA SOURCE": "2015-2019 Census Bureau American Community Survey (ACS) 5-year Data -\r\nTable S2503 - \r\nhttps:\/\/www.census.gov\/data\/developers\/data-sets\/acs-5year.html",
            "2022 TABLE FIELD CALCULATION": "No value",
            "NOTES": "No value"
        },
        {
            "index": 29,
            "2022 VARIABLE NAME": "EPL_HOUBDN",
            "2022 DESCRIPTION": "Percentile rank of percentage of households that make less than 75,000",
            "MODULE": "SVM",
            "DOMAIN": "SVI DOM2",
            "DATA SOURCE": "No value",
            "2022 TABLE FIELD CALCULATION": "In Excel: PERCENTRANK.INC on E_HOUBDN array with 4 significant digits",
            "NOTES": "Null values removed before calculating output rank."
        },
        {
            "index": 30,
            "2022 VARIABLE NAME": "EP_UNINSUR",
            "2022 DESCRIPTION": "Percentage of persons who are uninsured",
            "MODULE": "SVM",
            "DOMAIN": "SVM DOM2",
            "DATA SOURCE": "2015-2019 Census Bureau American Community Survey (ACS) 5-year Data - \r\nTable S2701 - \r\nhttps:\/\/www.census.gov\/data\/developers\/data-sets\/acs-5year.html",
            "2022 TABLE FIELD CALCULATION": "No value",
            "NOTES": "No value"
        },
        {
            "index": 31,
            "2022 VARIABLE NAME": "EPL_UNINSUR",
            "2022 DESCRIPTION": "Percentile rank of percentage of persons who are uninsured",
            "MODULE": "SVM",
            "DOMAIN": "SVI DOM2",
            "DATA SOURCE": "No value",
            "2022 TABLE FIELD CALCULATION": "In Excel: PERCENTRANK.INC on E_UNINSUR array with 4 significant digits",
            "NOTES": "Null values removed before calculating output rank."
        },
        {
            "index": 32,
            "2022 VARIABLE NAME": "EP_NOINT",
            "2022 DESCRIPTION": "Percentage of persons without internet",
            "MODULE": "SVM",
            "DOMAIN": "SVM DOM2",
            "DATA SOURCE": "2015-2019 Census Bureau American Community Survey (ACS) 5-year Data - \r\nTable S2801 - \r\nhttps:\/\/www.census.gov\/data\/developers\/data-sets\/acs-5year.html",
            "2022 TABLE FIELD CALCULATION": "No value",
            "NOTES": "No value"
        },
        {
            "index": 33,
            "2022 VARIABLE NAME": "EPL_NOINT",
            "2022 DESCRIPTION": "Percentile rank of percentage of persons without internet",
            "MODULE": "SVM",
            "DOMAIN": "SVI DOM2",
            "DATA SOURCE": "No value",
            "2022 TABLE FIELD CALCULATION": "In Excel: PERCENTRANK.INC on E_NOINT array with 4 significant digits",
            "NOTES": "Null values removed before calculating output rank."
        },
        {
            "index": 34,
            "2022 VARIABLE NAME": "SPL_SVM_DOM2",
            "2022 DESCRIPTION": "Domain consisting of below 200% poverty, no high school diploma, unemployed, housing tenure, housing cost, no health insurance, and not internet",
            "MODULE": "SVM",
            "DOMAIN": "SVI DOM2",
            "DATA SOURCE": "No value",
            "2022 TABLE FIELD CALCULATION": "EPL_POV200 + EPL_NOHSDP + EPL_UNEMP + EPL_RENTER + EPL_HOUBDN + EPL_UNINSUR + EPL_NOINT",
            "NOTES": "Tract with null values were not included in the sum."
        },
        {
            "index": 35,
            "2022 VARIABLE NAME": "RPL_SVM_DOM2",
            "2022 DESCRIPTION": "Percentile rank of domain consisting of below 200% poverty, no high school diploma, unemployed, housing tenure, housing cost, no health insurance, and not internet",
            "MODULE": "SVM",
            "DOMAIN": "SVI DOM2",
            "DATA SOURCE": "No value",
            "2022 TABLE FIELD CALCULATION": "In Excel: PERCENTRANK.INC on SPL_SVM_DOM2 array with 4 significant digits",
            "NOTES": "Null values removed before calculating output rank."
        },
        {
            "index": 36,
            "2022 VARIABLE NAME": "EP_AGE65",
            "2022 DESCRIPTION": "Persons aged 65 and older estimate MOE, 2014-2018 ACS",
            "MODULE": "SVM",
            "DOMAIN": "SVM DOM3",
            "DATA SOURCE": "2015-2019 Census Bureau American Community Survey (ACS) 5-year Data - \r\nTable S0101 -\r\n https:\/\/www.census.gov\/data\/developers\/data-sets\/acs-5year.html",
            "2022 TABLE FIELD CALCULATION": "No value",
            "NOTES": "No value"
        },
        {
            "index": 37,
            "2022 VARIABLE NAME": "EPL_AGE65",
            "2022 DESCRIPTION": "Percentile rank of percentage of persons aged 65 and older estimate",
            "MODULE": "SVM",
            "DOMAIN": "SVI DOM3",
            "DATA SOURCE": "No value",
            "2022 TABLE FIELD CALCULATION": "In Excel: PERCENTRANK.INC on E_AGE65 array with 4 significant digits",
            "NOTES": "Null values removed before calculating output rank."
        },
        {
            "index": 38,
            "2022 VARIABLE NAME": "EP_AGE17",
            "2022 DESCRIPTION": "Persons aged 17 and younger estimate, 2014-2018 ACS",
            "MODULE": "SVM",
            "DOMAIN": "SVM DOM3",
            "DATA SOURCE": "2015-2019 Census Bureau American Community Survey (ACS) 5-year Data - \r\nTable B09001 - \r\nhttps:\/\/www.census.gov\/data\/developers\/data-sets\/acs-5year.html",
            "2022 TABLE FIELD CALCULATION": "No value",
            "NOTES": "No value"
        },
        {
            "index": 39,
            "2022 VARIABLE NAME": "EPL_AGE17",
            "2022 DESCRIPTION": "Percentile rank of percentage of persons aged 17 and younger estimate",
            "MODULE": "SVM",
            "DOMAIN": "SVI DOM3",
            "DATA SOURCE": "No value",
            "2022 TABLE FIELD CALCULATION": "In Excel: PERCENTRANK.INC on E_AGE17 array with 4 significant digits",
            "NOTES": "Null values removed before calculating output rank."
        },
        {
            "index": 40,
            "2022 VARIABLE NAME": "EP_DISABL",
            "2022 DESCRIPTION": "Percentage of civilian noninstitutionalized population with a disability estimate, 2014-2018 ACS",
            "MODULE": "SVM",
            "DOMAIN": "SVM DOM3",
            "DATA SOURCE": "2015-2019 Census Bureau American Community Survey (ACS) 5-year Data - \r\nTable DP02 -\r\n https:\/\/www.census.gov\/data\/developers\/data-sets\/acs-5year.html",
            "2022 TABLE FIELD CALCULATION": "No value",
            "NOTES": "No value"
        },
        {
            "index": 41,
            "2022 VARIABLE NAME": "EPL_DISABL",
            "2022 DESCRIPTION": "Percentile rank of percentage of civilian noninstitutionalized population with a disability estimate",
            "MODULE": "SVM",
            "DOMAIN": "SVI DOM3",
            "DATA SOURCE": "No value",
            "2022 TABLE FIELD CALCULATION": "In Excel: PERCENTRANK.INC on E_DISABL array with 4 significant digits",
            "NOTES": "Null values removed before calculating output rank."
        },
        {
            "index": 42,
            "2022 VARIABLE NAME": "EP_LIMENG",
            "2022 DESCRIPTION": "Percentage of persons (age 5+) who speak English \"less than well\" estimate, 2014-2018 ACS",
            "MODULE": "SVM",
            "DOMAIN": "SVM DOM3",
            "DATA SOURCE": "2015-2019 Census Bureau American Community Survey (ACS) 5-year Data - \r\nTable B16005 - \r\nhttps:\/\/www.census.gov\/data\/developers\/data-sets\/acs-5year.html",
            "2022 TABLE FIELD CALCULATION": "No value",
            "NOTES": "No value"
        },
        {
            "index": 43,
            "2022 VARIABLE NAME": "EPL_LIMENG",
            "2022 DESCRIPTION": "Percentile rank of percentage of persons (age 5+) who speak English \"less than well\" estimate, 2014-2018 ACS",
            "MODULE": "SVM",
            "DOMAIN": "SVI DOM3",
            "DATA SOURCE": "No value",
            "2022 TABLE FIELD CALCULATION": "In Excel: PERCENTRANK.INC on E_LIMENG array with 4 significant digits",
            "NOTES": "Null values removed before calculating output rank."
        },
        {
            "index": 44,
            "2022 VARIABLE NAME": "SPL_SVM_DOM3",
            "2022 DESCRIPTION": "Domain consisting of English language proficiency, aged 65 or older, aged 17 or younger, and civilian with a disability",
            "MODULE": "SVM",
            "DOMAIN": "SVI DOM3",
            "DATA SOURCE": "No value",
            "2022 TABLE FIELD CALCULATION": "EPL_AGE65 + EPL_AGE17 + EPL_DISABL + EPL_LIMENG",
            "NOTES": "Tract with null values were not included in the sum."
        },
        {
            "index": 45,
            "2022 VARIABLE NAME": "RPL_SVM_DOM3",
            "2022 DESCRIPTION": "Percentile rank of domain consisting of English language proficiency, aged 65 or older, aged 17 or younger, and civilian with a disability",
            "MODULE": "SVM",
            "DOMAIN": "SVI DOM3",
            "DATA SOURCE": "No value",
            "2022 TABLE FIELD CALCULATION": "In Excel: PERCENTRANK.INC on SPL_SVM_DOM3 array with 4 significant digits",
            "NOTES": "Null values removed before calculating output rank."
        },
        {
            "index": 46,
            "2022 VARIABLE NAME": "EP_MOBILE",
            "2022 DESCRIPTION": "Percentage of mobile homes estimate",
            "MODULE": "SVM",
            "DOMAIN": "SVM DOM4",
            "DATA SOURCE": "2015-2019 Census Bureau American Community Survey (ACS) 5-year Data - \r\nTable DP04 - \r\nhttps:\/\/www.census.gov\/data\/developers\/data-sets\/acs-5year.html",
            "2022 TABLE FIELD CALCULATION": "No value",
            "NOTES": "No value"
        },
        {
            "index": 47,
            "2022 VARIABLE NAME": "EPL_MOBILE",
            "2022 DESCRIPTION": "Percentile rank of percentage of mobile homes estimate",
            "MODULE": "SVM",
            "DOMAIN": "SVI DOM4",
            "DATA SOURCE": "No value",
            "2022 TABLE FIELD CALCULATION": "In Excel: PERCENTRANK.INC on E_MOBILE array with 4 significant digits",
            "NOTES": "Null values removed before calculating output rank."
        },
        {
            "index": 48,
            "2022 VARIABLE NAME": "EP_GROUPQ",
            "2022 DESCRIPTION": "Percentage of persons in group quarters estimate, 2014-2018 ACS",
            "MODULE": "SVM",
            "DOMAIN": "SVM DOM4",
            "DATA SOURCE": "2015-2019 Census Bureau American Community Survey (ACS) 5-year Data - \r\nTable B26001 - \r\nhttps:\/\/www.census.gov\/data\/developers\/data-sets\/acs-5year.html",
            "2022 TABLE FIELD CALCULATION": "No value",
            "NOTES": "No value"
        },
        {
            "index": 49,
            "2022 VARIABLE NAME": "EPL_GROUPQ",
            "2022 DESCRIPTION": "Percentile rank of percentage of persons in group quarters estimate, 2014-2018 ACS",
            "MODULE": "SVM",
            "DOMAIN": "SVI DOM4",
            "DATA SOURCE": "No value",
            "2022 TABLE FIELD CALCULATION": "In Excel: PERCENTRANK.INC on E_GROUPQ array with 4 significant digits",
            "NOTES": "Null values removed before calculating output rank."
        },
        {
            "index": 50,
            "2022 VARIABLE NAME": "SPL_SVM_DOM4",
            "2022 DESCRIPTION": "Domain consisting of number of mobile homes and housing with group quarters",
            "MODULE": "SVM",
            "DOMAIN": "SVI DOM4",
            "DATA SOURCE": "No value",
            "2022 TABLE FIELD CALCULATION": "EPL_MOBILE + EPL_GROUPQ",
            "NOTES": "Tract with null values"
        },
        {
            "index": 51,
            "2022 VARIABLE NAME": "RPL_SVM_DOM4",
            "2022 DESCRIPTION": "Percentile rank of domain consisting of number of mobile homes and housing with group quarters",
            "MODULE": "SVM",
            "DOMAIN": "SVI DOM4",
            "DATA SOURCE": "No value",
            "2022 TABLE FIELD CALCULATION": "In Excel: PERCENTRANK.INC on SPL_SVM_DOM4 array with 4 significant digits",
            "NOTES": "Null values removed before calculating output rank."
        },
        {
            "index": 52,
            "2022 VARIABLE NAME": "SPL_SVM",
            "2022 DESCRIPTION": "No value",
            "MODULE": "SVM",
            "DOMAIN": "No value",
            "DATA SOURCE": "No value",
            "2022 TABLE FIELD CALCULATION": "EPL_MINRTY + EPL_RENTER + EPL_HOUBDN + EPL_UNINSUR EPL_NOINT + EPL_AGE65 + EPL_AGE17 + EPL_DISABL + EPL_LIMENG + EPL_MOBILE + EPL_GROUPQ",
            "NOTES": "Tract with null values were not included in the sum."
        },
        {
            "index": 53,
            "2022 VARIABLE NAME": "RPL_SVM",
            "2022 DESCRIPTION": "Social vulnerability module percentile rank",
            "MODULE": "SVM",
            "DOMAIN": "No value",
            "DATA SOURCE": "No value",
            "2022 TABLE FIELD CALCULATION": "In Excel: PERCENTRANK.INC on SPL_SVM array with 4 significant digits",
            "NOTES": "Null values removed before calculating output rank."
        },
        {
            "index": 54,
            "2022 VARIABLE NAME": "E_OZONE",
            "2022 DESCRIPTION": "Annual mean days above O3 regulatory standard - 3-year average",
            "MODULE": "EBM",
            "DOMAIN": "EBM DOM1",
            "DATA SOURCE": "2014-2016 U.S. EPA Air Quality System (AQS) as available through the CDC\ufffds National Environmental Health Tracking Network\r\nhttps:\/\/ephtracking.cdc.gov\/indicatorPages",
            "2022 TABLE FIELD CALCULATION": "No value",
            "NOTES": "No value"
        },
        {
            "index": 55,
            "2022 VARIABLE NAME": "EPL_OZONE",
            "2022 DESCRIPTION": "Percentile rank of annual mean days above O3 regulatory standard - 3-year average",
            "MODULE": "EBM",
            "DOMAIN": "EBM DOM1",
            "DATA SOURCE": "No value",
            "2022 TABLE FIELD CALCULATION": "In Excel: PERCENTRANK.INC on E_OZONE array with 4 significant digits",
            "NOTES": "Null values removed before calculating output rank."
        },
        {
            "index": 56,
            "2022 VARIABLE NAME": "E_PM",
            "2022 DESCRIPTION": "Annual mean days above PM2.5 regulatory standard - 3-year average",
            "MODULE": "EBM",
            "DOMAIN": "EBM DOM1",
            "DATA SOURCE": "2014-2016 U.S. EPA Air Quality System (AQS) as available through the CDC\ufffds National Environmental Health Tracking Network\r\nhttps:\/\/ephtracking.cdc.gov\/indicatorPages",
            "2022 TABLE FIELD CALCULATION": "No value",
            "NOTES": "No value"
        },
        {
            "index": 57,
            "2022 VARIABLE NAME": "EPL_PM",
            "2022 DESCRIPTION": "Percentile rank of annual mean days above PM2.5 regulatory standard - 3-year average",
            "MODULE": "EBM",
            "DOMAIN": "EBM DOM1",
            "DATA SOURCE": "No value",
            "2022 TABLE FIELD CALCULATION": "In Excel: PERCENTRANK.INC on E_PM array with 4 significant digits",
            "NOTES": "Null values removed before calculating output rank."
        },
        {
            "index": 58,
            "2022 VARIABLE NAME": "E_DSLPM",
            "2022 DESCRIPTION": "Ambient concentrations of diesel PM\/m3",
            "MODULE": "EBM",
            "DOMAIN": "EBM DOM1",
            "DATA SOURCE": "2014 U.S. EPA National Air Toxics Assessment (NATA) -\r\nhttps:\/\/www.epa.gov\/national-air-toxics-assessment\/2014-nata-assessment-results#modeled",
            "2022 TABLE FIELD CALCULATION": "No value",
            "NOTES": "No value"
        },
        {
            "index": 59,
            "2022 VARIABLE NAME": "EPL_DSLPM",
            "2022 DESCRIPTION": "Percentile rank of ambient concentrations of diesel PM\/m3",
            "MODULE": "EBM",
            "DOMAIN": "EBM DOM1",
            "DATA SOURCE": "No value",
            "2022 TABLE FIELD CALCULATION": "In Excel: PERCENTRANK.INC on E_DSLPM array with 4 significant digits",
            "NOTES": "Null values removed before calculating output rank."
        },
        {
            "index": 60,
            "2022 VARIABLE NAME": "E_TOTCR",
            "2022 DESCRIPTION": "The probability of contracting cancer over the course of a lifetime, assuming continuous exposure",
            "MODULE": "EBM",
            "DOMAIN": "EBM DOM1",
            "DATA SOURCE": "2014 U.S. EPA National Air Toxics Assessment (NATA) - \r\nhttps:\/\/www.epa.gov\/national-air-toxics-assessment\/2014-nata-assessment-results#modeled",
            "2022 TABLE FIELD CALCULATION": "No value",
            "NOTES": "No value"
        },
        {
            "index": 61,
            "2022 VARIABLE NAME": "EPL_TOTCR",
            "2022 DESCRIPTION": "Percentile rank of the probability of contracting cancer over the course of a lifetime, assuming continuous exposure",
            "MODULE": "EBM",
            "DOMAIN": "EBM DOM1",
            "DATA SOURCE": "No value",
            "2022 TABLE FIELD CALCULATION": "In Excel: PERCENTRANK.INC on E_TOTCR array with 4 significant digits",
            "NOTES": "Null values removed before calculating output rank."
        },
        {
            "index": 62,
            "2022 VARIABLE NAME": "SPL_EBM_THEME1",
            "2022 DESCRIPTION": "Domain consisting of ozone, PM2.5, air toxics cancer risk, and diesel particulate matter.",
            "MODULE": "EBM",
            "DOMAIN": "EBM DOM1",
            "DATA SOURCE": "No value",
            "2022 TABLE FIELD CALCULATION": "EPL_OZONE + EPL_PM + EPL_DSLPM + EPL_TOTCR",
            "NOTES": "Tract with null values were not included in the sum."
        },
        {
            "index": 63,
            "2022 VARIABLE NAME": "RPL_EBM_DOM1",
            "2022 DESCRIPTION": "Percentile rank of domain consisting of ozone, PM2.5, air toxics cancer risk, and diesel particulate matter.",
            "MODULE": "EBM",
            "DOMAIN": "EBM DOM1",
            "DATA SOURCE": "No value",
            "2022 TABLE FIELD CALCULATION": "In Excel: PERCENTRANK.INC on SPL_EBM_THEME1 array with 4 significant digits",
            "NOTES": "Null values removed before calculating output rank."
        },
        {
            "index": 64,
            "2022 VARIABLE NAME": "E_NPL",
            "2022 DESCRIPTION": "Proportion of tract's area within 1-mi buffer of EPA National Priority List site",
            "MODULE": "EBM",
            "DOMAIN": "EBM DOM2",
            "DATA SOURCE": "https:\/\/www.epa.gov\/frs\/geospatial-data-download-service",
            "2022 TABLE FIELD CALCULATION": "No value",
            "NOTES": "No value"
        },
        {
            "index": 65,
            "2022 VARIABLE NAME": "EPL_NPL",
            "2022 DESCRIPTION": "Percentile rank of proportion of tract's area within 1-mi buffer of EPA National Priority List site",
            "MODULE": "EBM",
            "DOMAIN": "EBM DOM2",
            "DATA SOURCE": "No value",
            "2022 TABLE FIELD CALCULATION": "In Excel: PERCENTRANK.INC on E_NPL array with 4 significant digits",
            "NOTES": "Null values removed before calculating output rank."
        },
        {
            "index": 66,
            "2022 VARIABLE NAME": "E_TRI",
            "2022 DESCRIPTION": "Proportion of tract's area within 1-mi buffer of EPA Toxic Release Inventory site",
            "MODULE": "EBM",
            "DOMAIN": "EBM DOM2",
            "DATA SOURCE": "https:\/\/www.epa.gov\/frs\/geospatial-data-download-service",
            "2022 TABLE FIELD CALCULATION": "No value",
            "NOTES": "No value"
        },
        {
            "index": 67,
            "2022 VARIABLE NAME": "EPL_TRI",
            "2022 DESCRIPTION": "Percentile rank of proportion of tract's area within 1-mi buffer of EPA Toxic Release Inventory site",
            "MODULE": "EBM",
            "DOMAIN": "EBM DOM2",
            "DATA SOURCE": "No value",
            "2022 TABLE FIELD CALCULATION": "In Excel: PERCENTRANK.INC on E_TRI array with 4 significant digits",
            "NOTES": "Null values removed before calculating output rank."
        },
        {
            "index": 68,
            "2022 VARIABLE NAME": "E_TSD",
            "2022 DESCRIPTION": "Proportion of tract's area within 1-mi buffer of EPA Treatment, Storage, and Disposal site",
            "MODULE": "EBM",
            "DOMAIN": "EBM DOM2",
            "DATA SOURCE": "https:\/\/www.epa.gov\/frs\/geospatial-data-download-service",
            "2022 TABLE FIELD CALCULATION": "No value",
            "NOTES": "No value"
        },
        {
            "index": 69,
            "2022 VARIABLE NAME": "EPL_TSD",
            "2022 DESCRIPTION": "Percentile rank of proportion of tract's area within 1-mi buffer of EPA Treatment, Storage, and Disposal site",
            "MODULE": "EBM",
            "DOMAIN": "EBM DOM2",
            "DATA SOURCE": "No value",
            "2022 TABLE FIELD CALCULATION": "In Excel: PERCENTRANK.INC on E_TSD array with 4 significant digits",
            "NOTES": "Null values removed before calculating output rank."
        },
        {
            "index": 70,
            "2022 VARIABLE NAME": "E_RMP",
            "2022 DESCRIPTION": "Proportion of tract's area within 1-mi buffer of EPA risk management plan site",
            "MODULE": "EBM",
            "DOMAIN": "EBM DOM2",
            "DATA SOURCE": "https:\/\/www.epa.gov\/frs\/geospatial-data-download-service",
            "2022 TABLE FIELD CALCULATION": "No value",
            "NOTES": "No value"
        },
        {
            "index": 71,
            "2022 VARIABLE NAME": "EPL_RMP",
            "2022 DESCRIPTION": "Percentile rank of proportion of tract's area within 1-mi buffer of EPA risk management plan site",
            "MODULE": "EBM",
            "DOMAIN": "EBM DOM2",
            "DATA SOURCE": "No value",
            "2022 TABLE FIELD CALCULATION": "In Excel: PERCENTRANK.INC on E_RMP array with 4 significant digits",
            "NOTES": "Null values removed before calculating output rank."
        },
        {
            "index": 72,
            "2022 VARIABLE NAME": "E_COAL",
            "2022 DESCRIPTION": "Proportion of tract's area within 1-mi buffer of coal mines",
            "MODULE": "EBM",
            "DOMAIN": "EBM DOM2",
            "DATA SOURCE": "U.S. Mine Safety and Health Administration Mine Data Retrieval System (MDRS)",
            "2022 TABLE FIELD CALCULATION": "No value",
            "NOTES": "No value"
        },
        {
            "index": 73,
            "2022 VARIABLE NAME": "EPL_COAL",
            "2022 DESCRIPTION": "Percentile rank of proportion of tract's area within 1-mi buffer of coal mines",
            "MODULE": "EBM",
            "DOMAIN": "EBM DOM2",
            "DATA SOURCE": "No value",
            "2022 TABLE FIELD CALCULATION": "In Excel: PERCENTRANK.INC on E_COAL array with 4 significant digits",
            "NOTES": "Null values removed before calculating output rank."
        },
        {
            "index": 74,
            "2022 VARIABLE NAME": "E_LEAD",
            "2022 DESCRIPTION": "Proportion of tract's area within 1-mi buffer of lead mines",
            "MODULE": "EBM",
            "DOMAIN": "EBM DOM2",
            "DATA SOURCE": "U.S. Mine Safety and Health Administration Mine Data Retrieval System (MDRS)",
            "2022 TABLE FIELD CALCULATION": "No value",
            "NOTES": "No value"
        },
        {
            "index": 75,
            "2022 VARIABLE NAME": "EPL_LEAD",
            "2022 DESCRIPTION": "Percentile rank of proportion of tract's area within 1-mi buffer of lead mines",
            "MODULE": "EBM",
            "DOMAIN": "EBM DOM2",
            "DATA SOURCE": "No value",
            "2022 TABLE FIELD CALCULATION": "In Excel: PERCENTRANK.INC on E_LEAD array with 4 significant digits",
            "NOTES": "Null values removed before calculating output rank."
        },
        {
            "index": 76,
            "2022 VARIABLE NAME": "SPL_EBM_THEME2",
            "2022 DESCRIPTION": "Domain consisting of proximity to national priority list sites, proximity to release inventory sites, proximity to treatment, storage, and disposal sites, proximity to risk management plan sites, proximity to coal mines, and proximity to lead mines",
            "MODULE": "EBM",
            "DOMAIN": "EBM DOM2",
            "DATA SOURCE": "No value",
            "2022 TABLE FIELD CALCULATION": "EPL_NPL + EPL_TRI + EPL_TSD + EPL_RMP + EPL_COAL + EPL_LEAD",
            "NOTES": "Tract with null values were not included in the sum."
        },
        {
            "index": 77,
            "2022 VARIABLE NAME": "RPL_EBM_DOM2",
            "2022 DESCRIPTION": "Percentile rank of domain consisting of proximity to national priority list sites, proximity to release inventory sites, proximity to treatment, storage, and disposal sites, proximity to risk management plan sites, proximity to coal mines, and proximity to lead mines",
            "MODULE": "EBM",
            "DOMAIN": "EBM DOM2",
            "DATA SOURCE": "No value",
            "2022 TABLE FIELD CALCULATION": "In Excel: PERCENTRANK.INC on SPL_EBM_THEME2 array with 4 significant digits",
            "NOTES": "Null values removed before calculating output rank."
        },
        {
            "index": 78,
            "2022 VARIABLE NAME": "E_PARK",
            "2022 DESCRIPTION": "Proportion of tract's area within 1-mi buffer of green space",
            "MODULE": "EBM",
            "DOMAIN": "EBM DOM3",
            "DATA SOURCE": "2020 TomTom MultiNet\ufffd Enterprise Dataset",
            "2022 TABLE FIELD CALCULATION": "No value",
            "NOTES": "No value"
        },
        {
            "index": 79,
            "2022 VARIABLE NAME": "EPL_PARK",
            "2022 DESCRIPTION": "Percentile rank of proportion of tract's area within 1-mi buffer of green space",
            "MODULE": "EBM",
            "DOMAIN": "EBM DOM3",
            "DATA SOURCE": "No value",
            "2022 TABLE FIELD CALCULATION": "In Excel: PERCENTRANK.INC on E_PARK array with 4 significant digits",
            "NOTES": "Null values removed before calculating output rank."
        },
        {
            "index": 80,
            "2022 VARIABLE NAME": "E_HOUAGE",
            "2022 DESCRIPTION": "Percentage of houses built pre-1980 (lead exposure)",
            "MODULE": "EBM",
            "DOMAIN": "EBM DOM3",
            "DATA SOURCE": "No value",
            "2022 TABLE FIELD CALCULATION": "No value",
            "NOTES": "No value"
        },
        {
            "index": 81,
            "2022 VARIABLE NAME": "EPL_HOUAGE",
            "2022 DESCRIPTION": "Percentile rank of percentage of houses built pre-1980 (lead exposure)",
            "MODULE": "EBM",
            "DOMAIN": "EBM DOM3",
            "DATA SOURCE": "No value",
            "2022 TABLE FIELD CALCULATION": "In Excel: PERCENTRANK.INC on E_HOUSAGE array with 4 significant digits",
            "NOTES": "Null values removed before calculating output rank."
        },
        {
            "index": 82,
            "2022 VARIABLE NAME": "E_WLKIND",
            "2022 DESCRIPTION": "A nationwide geographic data resource that ranks block groups according to their relative walkability",
            "MODULE": "EBM",
            "DOMAIN": "EBM DOM3",
            "DATA SOURCE": "2021 U.S. EPA National Walkability Index - https:\/\/edg.epa.gov\/metadata\/catalog\/search\/resource\/details.page?uuid=%7B251AFDD9-23A7-4068-9B27-A3048A7E6012%7D",
            "2022 TABLE FIELD CALCULATION": "No value",
            "NOTES": "No value"
        },
        {
            "index": 83,
            "2022 VARIABLE NAME": "EPL_WLKIND",
            "2022 DESCRIPTION": "Percentile rank of a nationwide geographic data resource that ranks block groups according to their relative walkability",
            "MODULE": "EBM",
            "DOMAIN": "EBM DOM3",
            "DATA SOURCE": "No value",
            "2022 TABLE FIELD CALCULATION": "In Excel: PERCENTRANK.INC on E_WLKIND array with 4 significant digits",
            "NOTES": "Null values removed before calculating output rank."
        },
        {
            "index": 84,
            "2022 VARIABLE NAME": "SPL_EBM_THEME3",
            "2022 DESCRIPTION": "Domain consisting of proximity to recreational parks, houses built pre-1980 (lead exposure), and walkability index",
            "MODULE": "EBM",
            "DOMAIN": "EBM DOM3",
            "DATA SOURCE": "No value",
            "2022 TABLE FIELD CALCULATION": "EPL_PARK + EPL_HOUAGE + EPL_WLKIND",
            "NOTES": "Tract with null values were not included in the sum."
        },
        {
            "index": 85,
            "2022 VARIABLE NAME": "RPL_EBM_DOM3",
            "2022 DESCRIPTION": "Percentile rank of domain consisting of proximity to recreational parks, houses built pre-1980 (lead exposure), and walkability index",
            "MODULE": "EBM",
            "DOMAIN": "EBM DOM3",
            "DATA SOURCE": "No value",
            "2022 TABLE FIELD CALCULATION": "In Excel: PERCENTRANK.INC on SPL_EBM_THEME3 array with 4 significant digits",
            "NOTES": "Null values removed before calculating output rank."
        },
        {
            "index": 86,
            "2022 VARIABLE NAME": "E_RAIL",
            "2022 DESCRIPTION": "Proportion of tract's area within 1-mi buffer of railroad",
            "MODULE": "EBM",
            "DOMAIN": "EBM DOM4",
            "DATA SOURCE": "2020 TomTom MultiNet\ufffd Enterprise Dataset",
            "2022 TABLE FIELD CALCULATION": "No value",
            "NOTES": "No value"
        },
        {
            "index": 87,
            "2022 VARIABLE NAME": "EPL_RAIL",
            "2022 DESCRIPTION": "Percentile rank of proportion of tract's area within 1-mi buffer of railroad",
            "MODULE": "EBM",
            "DOMAIN": "EBM DOM4",
            "DATA SOURCE": "No value",
            "2022 TABLE FIELD CALCULATION": "In Excel: PERCENTRANK.INC on E_RAIL array with 4 significant digits",
            "NOTES": "Null values removed before calculating output rank."
        },
        {
            "index": 88,
            "2022 VARIABLE NAME": "E_ROAD",
            "2022 DESCRIPTION": "Proportion of tract's area within 1-mi buffer of high-volume road or highway",
            "MODULE": "EBM",
            "DOMAIN": "EBM DOM4",
            "DATA SOURCE": "2020 TomTom MultiNet\ufffd Enterprise Dataset",
            "2022 TABLE FIELD CALCULATION": "No value",
            "NOTES": "No value"
        },
        {
            "index": 89,
            "2022 VARIABLE NAME": "EPL_ROAD",
            "2022 DESCRIPTION": "Percentile rank of proportion of tract's area within 1-mi buffer of high-volume road or highway",
            "MODULE": "EBM",
            "DOMAIN": "EBM DOM4",
            "DATA SOURCE": "No value",
            "2022 TABLE FIELD CALCULATION": "In Excel: PERCENTRANK.INC on E_ROAD array with 4 significant digits",
            "NOTES": "Null values removed before calculating output rank."
        },
        {
            "index": 90,
            "2022 VARIABLE NAME": "E_AIRPRT",
            "2022 DESCRIPTION": "Proportion of tract's area within 1-mi buffer of airport",
            "MODULE": "EBM",
            "DOMAIN": "EBM DOM4",
            "DATA SOURCE": "2020 TomTom MultiNet\ufffd Enterprise Dataset",
            "2022 TABLE FIELD CALCULATION": "No value",
            "NOTES": "No value"
        },
        {
            "index": 91,
            "2022 VARIABLE NAME": "EPL_AIRPRT",
            "2022 DESCRIPTION": "Percentile rank of proportion of tract's area within 1-mi buffer of airport",
            "MODULE": "EBM",
            "DOMAIN": "EBM DOM4",
            "DATA SOURCE": "No value",
            "2022 TABLE FIELD CALCULATION": "In Excel: PERCENTRANK.INC on E_AIRPRT array with 4 significant digits",
            "NOTES": "Null values removed before calculating output rank."
        },
        {
            "index": 92,
            "2022 VARIABLE NAME": "SPL_EBM_THEME4",
            "2022 DESCRIPTION": "Domain consisting of proximity to high volume roads, proximity to railways, and proximity to airports",
            "MODULE": "EBM",
            "DOMAIN": "EBM DOM4",
            "DATA SOURCE": "No value",
            "2022 TABLE FIELD CALCULATION": "EPL_RAIL + EPL_ROAD + EPL_AIRPRT",
            "NOTES": "Tract with null values were not included in the sum."
        },
        {
            "index": 93,
            "2022 VARIABLE NAME": "RPL_EBM_DOM4",
            "2022 DESCRIPTION": "Percentile rank of domain consisting of proximity to high volume roads, proximity to railways, and proximity to airports",
            "MODULE": "EBM",
            "DOMAIN": "EBM DOM4",
            "DATA SOURCE": "No value",
            "2022 TABLE FIELD CALCULATION": "In Excel: PERCENTRANK.INC on SPL_EBM_THEME4 array with 4 significant digits",
            "NOTES": "Null values removed before calculating output rank."
        },
        {
            "index": 94,
            "2022 VARIABLE NAME": "E_IMPWTR",
            "2022 DESCRIPTION": "Percent of tract that intersects an impaired\/impacted watershed at the HUC12 level",
            "MODULE": "EBM",
            "DOMAIN": "EBM DOM5",
            "DATA SOURCE": "2022 U.S. EPA Watershed Index Online (WSIO) Tool - \r\nhttps:\/\/www.epa.gov\/wsio\/download-and-use-wsio-tool",
            "2022 TABLE FIELD CALCULATION": "No value",
            "NOTES": "No value"
        },
        {
            "index": 95,
            "2022 VARIABLE NAME": "EPL_IMPWTR",
            "2022 DESCRIPTION": "Percentile rank of percent of tract that intersects an impaired\/impacted watershed at the HUC12 level",
            "MODULE": "EBM",
            "DOMAIN": "EBM DOM5",
            "DATA SOURCE": "No value",
            "2022 TABLE FIELD CALCULATION": "In Excel: PERCENTRANK.INC on E_IMPWTR array with 4 significant digits",
            "NOTES": "Null values removed before calculating output rank."
        },
        {
            "index": 96,
            "2022 VARIABLE NAME": "SPL_EBM_THEME5",
            "2022 DESCRIPTION": "Domain consisting of impaired water bodies",
            "MODULE": "EBM",
            "DOMAIN": "EBM DOM5",
            "DATA SOURCE": "No value",
            "2022 TABLE FIELD CALCULATION": "EPL_IMPWTR",
            "NOTES": "Tract with null values were not included in the sum."
        },
        {
            "index": 97,
            "2022 VARIABLE NAME": "RPL_EBM_DOM5",
            "2022 DESCRIPTION": "Percentile rank of domain consisting of impaired water bodies",
            "MODULE": "EBM",
            "DOMAIN": "EBM DOM5",
            "DATA SOURCE": "No value",
            "2022 TABLE FIELD CALCULATION": "In Excel: PERCENTRANK.INC on RPL_EBM_THEME5 array with 4 significant digits",
            "NOTES": "Null values removed before calculating output rank."
        },
        {
            "index": 98,
            "2022 VARIABLE NAME": "SPL_EBM",
            "2022 DESCRIPTION": "No value",
            "MODULE": "EBM",
            "DOMAIN": "No value",
            "DATA SOURCE": "No value",
            "2022 TABLE FIELD CALCULATION": "EPL_OZONE + EPL_PM + EPL_DSLPM + EPL_TOTCR + EPL_NPL + EPL_TRI + EPL_TSD + EPL_RMP + EPL_COAL + EPL_LEAD + EPL_PARK + EPL_HOUAGE + EPL_WLKIND + EPL_RAIL + EPL_ROAD + EPL_AIRPRT + EPL_IMPWTR",
            "NOTES": "Tract with null values were not included in the sum."
        },
        {
            "index": 99,
            "2022 VARIABLE NAME": "RPL_EBM",
            "2022 DESCRIPTION": "The environmental burden module percentile ranks",
            "MODULE": "EBM",
            "DOMAIN": "No value",
            "DATA SOURCE": "No value",
            "2022 TABLE FIELD CALCULATION": "In Excel: PERCENTRANK.INC on SPL_EBM array with 4 significant digits",
            "NOTES": "Null values removed before calculating output rank."
        },
        {
            "index": 100,
            "2022 VARIABLE NAME": "EP_BPHIGH",
            "2022 DESCRIPTION": "Percentage of individuals with Raw high blood pressures values",
            "MODULE": "HVM",
            "DOMAIN": "HVM DOM",
            "DATA SOURCE": "2020 CDC PLACES Data - \r\nhttps:\/\/chronicdata.cdc.gov\/500-Cities-Places\/PLACES-Census-Tract-Data-GIS-Friendly-Format-2020-\/ib3w-k9rq",
            "2022 TABLE FIELD CALCULATION": "No value",
            "NOTES": "No value"
        },
        {
            "index": 101,
            "2022 VARIABLE NAME": "EPL_BPHIGH",
            "2022 DESCRIPTION": "Percentile rank of percentage of individuals with Raw high blood pressures values",
            "MODULE": "HVM",
            "DOMAIN": "HVM DOM",
            "DATA SOURCE": "No value",
            "2022 TABLE FIELD CALCULATION": "In Excel: PERCENTRANK.INC on EP_BPHIGH array with 4 significant digits",
            "NOTES": "Null values removed before calculating output rank."
        },
        {
            "index": 102,
            "2022 VARIABLE NAME": "F_BPHIGH",
            "2022 DESCRIPTION": "Flag indicating tracts greater than 0.6666 percentile rank with high blood pressure",
            "MODULE": "HVM",
            "DOMAIN": "HVM DOM",
            "DATA SOURCE": "No value",
            "2022 TABLE FIELD CALCULATION": "EPL_BPHIGH > 0.6666",
            "NOTES": "No value"
        },
        {
            "index": 103,
            "2022 VARIABLE NAME": "EP_ASTHMA",
            "2022 DESCRIPTION": "Percentage of individuals with asthma",
            "MODULE": "HVM",
            "DOMAIN": "HVM DOM",
            "DATA SOURCE": "2020 CDC PLACES Data - \r\nhttps:\/\/chronicdata.cdc.gov\/500-Cities-Places\/PLACES-Census-Tract-Data-GIS-Friendly-Format-2020-\/ib3w-k9rq",
            "2022 TABLE FIELD CALCULATION": "No value",
            "NOTES": "No value"
        },
        {
            "index": 104,
            "2022 VARIABLE NAME": "EPL_ASTHMA",
            "2022 DESCRIPTION": "Percentile rank of percentage of individuals with asthma",
            "MODULE": "HVM",
            "DOMAIN": "HVM DOM",
            "DATA SOURCE": "No value",
            "2022 TABLE FIELD CALCULATION": "In Excel: PERCENTRANK.INC on EP_ASTHMA array with 4 significant digits",
            "NOTES": "Null values removed before calculating output rank."
        },
        {
            "index": 105,
            "2022 VARIABLE NAME": "F_ASTHMA",
            "2022 DESCRIPTION": "Flag indicating tracts greater than 0.6666 percentile rank with asthma",
            "MODULE": "HVM",
            "DOMAIN": "HVM DOM",
            "DATA SOURCE": "No value",
            "2022 TABLE FIELD CALCULATION": "EPL_ASTHMA > 0.6666",
            "NOTES": "No value"
        },
        {
            "index": 106,
            "2022 VARIABLE NAME": "EP_CANCER",
            "2022 DESCRIPTION": "Percentage of individuals with cancer",
            "MODULE": "HVM",
            "DOMAIN": "HVM DOM",
            "DATA SOURCE": "2020 CDC PLACES Data - \r\nhttps:\/\/chronicdata.cdc.gov\/500-Cities-Places\/PLACES-Census-Tract-Data-GIS-Friendly-Format-2020-\/ib3w-k9rq",
            "2022 TABLE FIELD CALCULATION": "No value",
            "NOTES": "No value"
        },
        {
            "index": 107,
            "2022 VARIABLE NAME": "EPL_CANCER",
            "2022 DESCRIPTION": "Percentile rank of percentage of persons with cancer",
            "MODULE": "HVM",
            "DOMAIN": "HVM DOM",
            "DATA SOURCE": "No value",
            "2022 TABLE FIELD CALCULATION": "In Excel: PERCENTRANK.INC on EP_CANCER array with 4 significant digits",
            "NOTES": "Null values removed before calculating output rank."
        },
        {
            "index": 108,
            "2022 VARIABLE NAME": "F_CANCER",
            "2022 DESCRIPTION": "Flag indicating tracts greater than 0.6666 percentile rank with cancer",
            "MODULE": "HVM",
            "DOMAIN": "HVM DOM",
            "DATA SOURCE": "No value",
            "2022 TABLE FIELD CALCULATION": "EPL_CANCER > 0.6666",
            "NOTES": "No value"
        },
        {
            "index": 109,
            "2022 VARIABLE NAME": "EP_MHLTH",
            "2022 DESCRIPTION": "Percentage of individual reporting not good mental health",
            "MODULE": "HVM",
            "DOMAIN": "HVM DOM",
            "DATA SOURCE": "2020 CDC PLACES Data - \r\nhttps:\/\/chronicdata.cdc.gov\/500-Cities-Places\/PLACES-Census-Tract-Data-GIS-Friendly-Format-2020-\/ib3w-k9rq",
            "2022 TABLE FIELD CALCULATION": "No value",
            "NOTES": "No value"
        },
        {
            "index": 110,
            "2022 VARIABLE NAME": "EPL_MHLTH",
            "2022 DESCRIPTION": "Percentage of individual reporting not good mental health percentile rank",
            "MODULE": "HVM",
            "DOMAIN": "HVM DOM",
            "DATA SOURCE": "No value",
            "2022 TABLE FIELD CALCULATION": "In Excel: PERCENTRANK.INC on EP_MHLTH array with 4 significant digits",
            "NOTES": "Null values removed before"
        },
        {
            "index": 111,
            "2022 VARIABLE NAME": "F_MHLTH",
            "2022 DESCRIPTION": "Flag indicating tracts greater than 0.6666 percentile rank with not good mental health",
            "MODULE": "HVM",
            "DOMAIN": "HVM DOM",
            "DATA SOURCE": "No value",
            "2022 TABLE FIELD CALCULATION": "EPL_MHLTH > 0.6666",
            "NOTES": "No value"
        },
        {
            "index": 112,
            "2022 VARIABLE NAME": "EP_DIABETES",
            "2022 DESCRIPTION": "Percentage of individuals with diabetes",
            "MODULE": "HVM",
            "DOMAIN": "HVM DOM",
            "DATA SOURCE": "2020 CDC PLACES Data - \r\nhttps:\/\/chronicdata.cdc.gov\/500-Cities-Places\/PLACES-Census-Tract-Data-GIS-Friendly-Format-2020-\/ib3w-k9rq",
            "2022 TABLE FIELD CALCULATION": "No value",
            "NOTES": "No value"
        },
        {
            "index": 113,
            "2022 VARIABLE NAME": "F_DIABETES",
            "2022 DESCRIPTION": "Flag indicating tracts greater than 0.6666 percentile rank with diabetes",
            "MODULE": "HVM",
            "DOMAIN": "HVM DOM",
            "DATA SOURCE": "No value",
            "2022 TABLE FIELD CALCULATION": "EPL_DIABETES > 0.6666",
            "NOTES": "No value"
        },
        {
            "index": 114,
            "2022 VARIABLE NAME": "EPL_DIABETES",
            "2022 DESCRIPTION": "Percentile rank of percentage of individuals with diabetes",
            "MODULE": "HVM",
            "DOMAIN": "HVM DOM",
            "DATA SOURCE": "No value",
            "2022 TABLE FIELD CALCULATION": "In Excel: PERCENTRANK.INC on EP_DIABETES array with 4 significant digits",
            "NOTES": "Null values removed before calculating output rank."
        },
        {
            "index": 115,
            "2022 VARIABLE NAME": "RPL_HVM",
            "2022 DESCRIPTION": "Percentile rank of combined tertile flags",
            "MODULE": "HVM",
            "DOMAIN": "No value",
            "DATA SOURCE": "No value",
            "2022 TABLE FIELD CALCULATION": "F_HVM * 0.2",
            "NOTES": "No value"
        },
        {
            "index": 116,
            "2022 VARIABLE NAME": "F_HVM",
            "2022 DESCRIPTION": "Total number of tertile flags (>0.6666)",
            "MODULE": "HVM",
            "DOMAIN": "HVM DOM",
            "DATA SOURCE": "No value",
            "2022 TABLE FIELD CALCULATION": "F_BPHIGH + F_ASTHMA + F_CANCER + F_MHLTH + F_DIABETES",
            "NOTES": "Tract with null values were not included in the sum."
        }
    ]
}